zenodo_key	bytes	md5_zenodo	md5_local	sha256_local	location_in_this_dataset
README.md	2679	eb1eb04e54384cb4d5d3d6e2995a15af	eb1eb04e54384cb4d5d3d6e2995a15af	bf7c53c9b050144d0d7153ace03f36a3f65809cb89c863d37903893eaaa20eb1	sourcedata/zenodo-10808054/README.md
Pat001.csv	734675259	215d1e4ce0a2f0a0b06f24d5970276e3	215d1e4ce0a2f0a0b06f24d5970276e3	d15adc58dfe9816af03b2cb332baf83442bcd81d2af0efb0ecb7eddf4cc153c1	sub-Pat001/features/sub-Pat001_desc-L2S1_features.csv
Pat002.csv	672814907	16f1cef92033750900da6ae7196c1b00	16f1cef92033750900da6ae7196c1b00	aa64a235c6f8ddb4f41c4fb75e3b4a90f79213c7cffe45ecac145cf7cbc93a1a	sub-Pat002/features/sub-Pat002_desc-L2S1_features.csv
Pat003.csv	758002084	bd40efbe54c5b24814aa502882a24670	bd40efbe54c5b24814aa502882a24670	3316a8fcce6ca905cc1254fd20c7e190e315b3e866891bc7c2c8e94b6f889fa9	sub-Pat003/features/sub-Pat003_desc-L2S1_features.csv
Pat004.csv	728275069	1f54b4b5173539c1afcf6982925be373	1f54b4b5173539c1afcf6982925be373	38ba46a64fef011559389702b10be59dee73863b6d8530b0234cc80a9d17d998	sub-Pat004/features/sub-Pat004_desc-L2S1_features.csv
Pat005.csv	683785491	441a18db3307505eba3d086b0da62e29	441a18db3307505eba3d086b0da62e29	182a60bed2581a213d177d74c7671aabef32934c63c33c1688b2de6bd6aa047f	sub-Pat005/features/sub-Pat005_desc-L2S1_features.csv
Pat006.csv	710258842	25c9a27a93bb7060dd9f3af842dadc19	25c9a27a93bb7060dd9f3af842dadc19	a3e342ba76de2063a75fa13b40e5b8cb154abbb386fcf444d1134d072abad165	sub-Pat006/features/sub-Pat006_desc-L2S1_features.csv
Pat007.csv	713150187	fc79519eda8518f0ef73c12e16dc63f0	fc79519eda8518f0ef73c12e16dc63f0	7cb823fd4687b0992f82c92aaaafbee41face76440ffbfb8dc1d30c8e808285f	sub-Pat007/features/sub-Pat007_desc-L2S1_features.csv
Pat008.csv	631741157	b0409097f93518e208c29e227d10a48a	b0409097f93518e208c29e227d10a48a	821db29f5dce371e2a04926396e052832c28ebcbe85c9a636feb347f663d586d	sub-Pat008/features/sub-Pat008_desc-L2S1_features.csv
Pat009.csv	799812392	29185b30ae25a9da12effd12285b10f8	29185b30ae25a9da12effd12285b10f8	6ad30bd5a7aed9701a2adc44b49ed92f9020b5fa296a3d73c1a1587f95298489	sub-Pat009/features/sub-Pat009_desc-L2S1_features.csv
Pat010.csv	775961858	7c99c6e80e931f16e12d7cf5c12be06d	7c99c6e80e931f16e12d7cf5c12be06d	07f7007808a1f62302f7e9b4e51e474da2d070f9fa99732fce5d183df32eb128	sub-Pat010/features/sub-Pat010_desc-L2S1_features.csv
Pat011.csv	708281823	f1971ad9b23b05819974fa379038442f	f1971ad9b23b05819974fa379038442f	75632e6654e61a90a21fd89214a5694af91f46cc014847b0505cd8fd7d9a623d	sub-Pat011/features/sub-Pat011_desc-L2S1_features.csv
Pat013.csv	649978685	519a1476bcbc2e3b0427003f49e20fa6	519a1476bcbc2e3b0427003f49e20fa6	96ca27d4566a77b620a822539ff928e5d49aa7bb901d2d8ce0d8d4df75520873	sub-Pat013/features/sub-Pat013_desc-L2S1_features.csv
Pat014.csv	520831015	15bf4bd860dc638056f8f8ac236d8c3d	15bf4bd860dc638056f8f8ac236d8c3d	a41eef3ef625f1cf54751e662e8d3b57049939ff54c1d6c8d557afc4d6dbb2e2	sub-Pat014/features/sub-Pat014_desc-L2S1_features.csv
Pat015.csv	764625469	99d2e80776e756fe75c368f2aa96e232	99d2e80776e756fe75c368f2aa96e232	b5151e2c352e5791423b0060932f4f7b4ee76ef068403f561977e714b0f8e943	sub-Pat015/features/sub-Pat015_desc-L2S1_features.csv
Pat016.csv	687861204	287343cc3c03675adbb529595bbd0f7e	287343cc3c03675adbb529595bbd0f7e	14ca304a4fd95c0c939286a4de2fcf95869b15cbfe32f5c75e575b36abb2b806	sub-Pat016/features/sub-Pat016_desc-L2S1_features.csv
Pat017.csv	914733748	c5411254e8ed4294afad65b4961ccf0b	c5411254e8ed4294afad65b4961ccf0b	a20e83f7e9b18799352f867264acce7df2d843a92df9d35519cf35cdc94965b8	sub-Pat017/features/sub-Pat017_desc-L2S1_features.csv
Pat018.csv	894384633	30264a999c4f693923cecb64b10887c7	30264a999c4f693923cecb64b10887c7	b10893834aaa4a6587a0a1959899211c8d8d8ea3b04b73e675ae220ccc109fb5	sub-Pat018/features/sub-Pat018_desc-L2S1_features.csv
Pat019.csv	829784458	e5285e2c4dce6fc9c190fd8f77bbdd9d	e5285e2c4dce6fc9c190fd8f77bbdd9d	2fe80a330482a7cedb056f4411e0d70174f60efca98bc59249255462b5adfc62	sub-Pat019/features/sub-Pat019_desc-L2S1_features.csv
Pat020.csv	869880993	b46eaefb0027934201deab263b21e69d	b46eaefb0027934201deab263b21e69d	a02f4fa0411d642ae0a39c172cbab9b244800c2c3082951f0f5ceb24c2963e51	sub-Pat020/features/sub-Pat020_desc-L2S1_features.csv
Pat021.csv	829573757	c2e549fa9aadc8046baaa1aadbef964c	c2e549fa9aadc8046baaa1aadbef964c	21c4d12dd61ce9127f25ca47279a7c04bf97a23fed528a509b337420fa0a6484	sub-Pat021/features/sub-Pat021_desc-L2S1_features.csv
