participant_id	freiburg_patient	source_file	n_windows	n_registrations	n_PRE	n_PRE_IKTAL	n_IKTAL	n_IKTAL_POST	n_POST	n_INTER	age	sex
sub-Pat001	001	Pat001.csv	111538	31	13114	8	45	8	12011	86352	n/a	n/a
sub-Pat002	002	Pat002.csv	104342	29	14373	6	350	6	3255	86352	n/a	n/a
sub-Pat003	003	Pat003.csv	115814	33	22132	10	454	10	6856	86352	n/a	n/a
sub-Pat004	004	Pat004.csv	111538	31	12767	8	344	8	12059	86352	n/a	n/a
sub-Pat005	005	Pat005.csv	107570	30	30335	10	214	7	5044	71960	n/a	n/a
sub-Pat006	006	Pat006.csv	109436	32	19106	6	195	6	3771	86352	n/a	n/a
sub-Pat007	007	Pat007.csv	110136	31	14660	6	456	6	6460	88548	n/a	n/a
sub-Pat008	008	Pat008.csv	96194	28	9628	4	324	4	2903	83331	n/a	n/a
sub-Pat009	009	Pat009.csv	122092	36	21946	10	557	10	13457	86112	n/a	n/a
sub-Pat010	010	Pat010.csv	120379	34	25685	6	284	6	6401	87997	n/a	n/a
sub-Pat011	011	Pat011.csv	108108	31	16525	6	581	6	4470	86520	n/a	n/a
sub-Pat013	013	Pat013.csv	100744	28	8563	4	312	4	5509	86352	n/a	n/a
sub-Pat014	014	Pat014.csv	80312	23	17189	6	500	6	3887	58724	n/a	n/a
sub-Pat015	015	Pat015.csv	118734	33	27189	6	262	6	4919	86352	n/a	n/a
sub-Pat016	016	Pat016.csv	106815	30	30694	10	595	10	10742	64764	n/a	n/a
sub-Pat017	017	Pat017.csv	139839	40	49640	10	422	10	3173	86584	n/a	n/a
sub-Pat018	018	Pat018.csv	136189	39	34904	10	59	10	11689	89517	n/a	n/a
sub-Pat019	019	Pat019.csv	127308	36	36777	6	36	6	6351	84132	n/a	n/a
sub-Pat020	020	Pat020.csv	135015	38	41076	10	418	10	4932	88569	n/a	n/a
sub-Pat021	021	Pat021.csv	129305	37	38358	10	405	10	4393	86129	n/a	n/a
